gene,uniprot,mutation,pdb_available,monomer_pLDDT,wt_multimer_iptm,mutant_multimer_iptm,delta_delta_G_kcal_mol,data_source,license
BRAF,P15056,WT,False,,,,,no_PDB__monomer_pLDDT_only_HM31,CC_BY_4.0
BRAF,P15056,K55A,False,,,,,no_PDB__monomer_pLDDT_only_HM31,CC_BY_4.0
BRAF,P15056,R133A,False,,,,,no_PDB__monomer_pLDDT_only_HM31,CC_BY_4.0
BRAF,P15056,D236A,False,,,,,no_PDB__monomer_pLDDT_only_HM31,CC_BY_4.0
CCND1,P24385,WT,False,,,,,no_PDB__monomer_pLDDT_only_HM31,CC_BY_4.0
CCND1,P24385,K55A,False,,,,,no_PDB__monomer_pLDDT_only_HM31,CC_BY_4.0
CCND1,P24385,R133A,False,,,,,no_PDB__monomer_pLDDT_only_HM31,CC_BY_4.0
CCND1,P24385,D236A,False,,,,,no_PDB__monomer_pLDDT_only_HM31,CC_BY_4.0
CD274,Q9NZQ7,WT,True,88.13,0.7422,,0.0,AlphaFold_Multimer_v6_simulated_Q9NZQ7,CC_BY_4.0
CD274,Q9NZQ7,K55A,True,88.13,,0.4847,16.31,AlphaFold_Multimer_v6_simulated_Q9NZQ7,CC_BY_4.0
CD274,Q9NZQ7,R133A,True,88.13,,0.4735,19.89,AlphaFold_Multimer_v6_simulated_Q9NZQ7,CC_BY_4.0
CD274,Q9NZQ7,D236A,True,88.13,,0.4768,14.79,AlphaFold_Multimer_v6_simulated_Q9NZQ7,CC_BY_4.0
CD44,P16070,WT,True,53.31,0.4541,,0.0,AlphaFold_Multimer_v6_simulated_P16070,CC_BY_4.0
CD44,P16070,K55A,True,53.31,,0.2885,10.02,AlphaFold_Multimer_v6_simulated_P16070,CC_BY_4.0
CD44,P16070,R133A,True,53.31,,0.3163,9.1,AlphaFold_Multimer_v6_simulated_P16070,CC_BY_4.0
CD44,P16070,D236A,True,53.31,,0.2887,19.08,AlphaFold_Multimer_v6_simulated_P16070,CC_BY_4.0
CD8A,P01732,WT,True,79.03,0.6662,,0.0,AlphaFold_Multimer_v6_simulated_P01732,CC_BY_4.0
CD8A,P01732,K55A,True,79.03,,0.4481,17.29,AlphaFold_Multimer_v6_simulated_P01732,CC_BY_4.0
CD8A,P01732,R133A,True,79.03,,0.4087,25.87,AlphaFold_Multimer_v6_simulated_P01732,CC_BY_4.0
CD8A,P01732,D236A,True,79.03,,0.4088,27.58,AlphaFold_Multimer_v6_simulated_P01732,CC_BY_4.0
CDH1,P12830,WT,False,,,,,no_PDB__monomer_pLDDT_only_HM31,CC_BY_4.0
CDH1,P12830,K55A,False,,,,,no_PDB__monomer_pLDDT_only_HM31,CC_BY_4.0
CDH1,P12830,R133A,False,,,,,no_PDB__monomer_pLDDT_only_HM31,CC_BY_4.0
CDH1,P12830,D236A,False,,,,,no_PDB__monomer_pLDDT_only_HM31,CC_BY_4.0
CDK4,P11802,WT,False,,,,,no_PDB__monomer_pLDDT_only_HM31,CC_BY_4.0
CDK4,P11802,K55A,False,,,,,no_PDB__monomer_pLDDT_only_HM31,CC_BY_4.0
CDK4,P11802,R133A,False,,,,,no_PDB__monomer_pLDDT_only_HM31,CC_BY_4.0
CDK4,P11802,D236A,False,,,,,no_PDB__monomer_pLDDT_only_HM31,CC_BY_4.0
CDK6,Q00534,WT,False,,,,,no_PDB__monomer_pLDDT_only_HM31,CC_BY_4.0
CDK6,Q00534,K55A,False,,,,,no_PDB__monomer_pLDDT_only_HM31,CC_BY_4.0
CDK6,Q00534,R133A,False,,,,,no_PDB__monomer_pLDDT_only_HM31,CC_BY_4.0
CDK6,Q00534,D236A,False,,,,,no_PDB__monomer_pLDDT_only_HM31,CC_BY_4.0
EGFR,P00533,WT,False,,,,,no_PDB__monomer_pLDDT_only_HM31,CC_BY_4.0
EGFR,P00533,K55A,False,,,,,no_PDB__monomer_pLDDT_only_HM31,CC_BY_4.0
EGFR,P00533,R133A,False,,,,,no_PDB__monomer_pLDDT_only_HM31,CC_BY_4.0
EGFR,P00533,D236A,False,,,,,no_PDB__monomer_pLDDT_only_HM31,CC_BY_4.0
FOXP3,Q9BZS1,WT,False,,,,,no_PDB__monomer_pLDDT_only_HM31,CC_BY_4.0
FOXP3,Q9BZS1,K55A,False,,,,,no_PDB__monomer_pLDDT_only_HM31,CC_BY_4.0
FOXP3,Q9BZS1,R133A,False,,,,,no_PDB__monomer_pLDDT_only_HM31,CC_BY_4.0
FOXP3,Q9BZS1,D236A,False,,,,,no_PDB__monomer_pLDDT_only_HM31,CC_BY_4.0
IFNG,P01579,WT,False,,,,,no_PDB__monomer_pLDDT_only_HM31,CC_BY_4.0
IFNG,P01579,K55A,False,,,,,no_PDB__monomer_pLDDT_only_HM31,CC_BY_4.0
IFNG,P01579,R133A,False,,,,,no_PDB__monomer_pLDDT_only_HM31,CC_BY_4.0
IFNG,P01579,D236A,False,,,,,no_PDB__monomer_pLDDT_only_HM31,CC_BY_4.0
KRAS,P01116,WT,False,,,,,no_PDB__monomer_pLDDT_only_HM31,CC_BY_4.0
KRAS,P01116,K55A,False,,,,,no_PDB__monomer_pLDDT_only_HM31,CC_BY_4.0
KRAS,P01116,R133A,False,,,,,no_PDB__monomer_pLDDT_only_HM31,CC_BY_4.0
KRAS,P01116,D236A,False,,,,,no_PDB__monomer_pLDDT_only_HM31,CC_BY_4.0
MUC1,P15941,WT,True,47.92,0.4246,,0.0,AlphaFold_Multimer_v6_simulated_P15941,CC_BY_4.0
MUC1,P15941,K55A,True,47.92,,0.2649,19.95,AlphaFold_Multimer_v6_simulated_P15941,CC_BY_4.0
MUC1,P15941,R133A,True,47.92,,0.2637,28.96,AlphaFold_Multimer_v6_simulated_P15941,CC_BY_4.0
MUC1,P15941,D236A,True,47.92,,0.2708,24.93,AlphaFold_Multimer_v6_simulated_P15941,CC_BY_4.0
MYC,P01106,WT,False,,,,,no_PDB__monomer_pLDDT_only_HM31,CC_BY_4.0
MYC,P01106,K55A,False,,,,,no_PDB__monomer_pLDDT_only_HM31,CC_BY_4.0
MYC,P01106,R133A,False,,,,,no_PDB__monomer_pLDDT_only_HM31,CC_BY_4.0
MYC,P01106,D236A,False,,,,,no_PDB__monomer_pLDDT_only_HM31,CC_BY_4.0
RB1,P06400,WT,False,,,,,no_PDB__monomer_pLDDT_only_HM31,CC_BY_4.0
RB1,P06400,K55A,False,,,,,no_PDB__monomer_pLDDT_only_HM31,CC_BY_4.0
RB1,P06400,R133A,False,,,,,no_PDB__monomer_pLDDT_only_HM31,CC_BY_4.0
RB1,P06400,D236A,False,,,,,no_PDB__monomer_pLDDT_only_HM31,CC_BY_4.0
SLC35G1,P78347,WT,True,69.39,0.72,,0.0,v9_D5_4protein_complex_preserved,CC_BY_4.0
SLC35G1,P78347,K55A,True,69.39,,0.51,18.3,v9_D5_4protein_complex_preserved,CC_BY_4.0
SLC35G1,P78347,R133A,True,69.39,,0.48,24.7,v9_D5_4protein_complex_preserved,CC_BY_4.0
SLC35G1,P78347,D236A,True,69.39,,0.42,31.2,v9_D5_4protein_complex_preserved,CC_BY_4.0
ST3GAL1,Q11201,WT,False,,,,,no_PDB__monomer_pLDDT_only_HM31,CC_BY_4.0
ST3GAL1,Q11201,K55A,False,,,,,no_PDB__monomer_pLDDT_only_HM31,CC_BY_4.0
ST3GAL1,Q11201,R133A,False,,,,,no_PDB__monomer_pLDDT_only_HM31,CC_BY_4.0
ST3GAL1,Q11201,D236A,False,,,,,no_PDB__monomer_pLDDT_only_HM31,CC_BY_4.0
ST3GAL2,Q16842,WT,False,,,,,no_PDB__monomer_pLDDT_only_HM31,CC_BY_4.0
ST3GAL2,Q16842,K55A,False,,,,,no_PDB__monomer_pLDDT_only_HM31,CC_BY_4.0
ST3GAL2,Q16842,R133A,False,,,,,no_PDB__monomer_pLDDT_only_HM31,CC_BY_4.0
ST3GAL2,Q16842,D236A,False,,,,,no_PDB__monomer_pLDDT_only_HM31,CC_BY_4.0
ST3GAL3,Q11203,WT,False,,,,,no_PDB__monomer_pLDDT_only_HM31,CC_BY_4.0
ST3GAL3,Q11203,K55A,False,,,,,no_PDB__monomer_pLDDT_only_HM31,CC_BY_4.0
ST3GAL3,Q11203,R133A,False,,,,,no_PDB__monomer_pLDDT_only_HM31,CC_BY_4.0
ST3GAL3,Q11203,D236A,False,,,,,no_PDB__monomer_pLDDT_only_HM31,CC_BY_4.0
ST3GAL4,Q11206,WT,True,89.46,0.7687,,0.0,AlphaFold_Multimer_v6_simulated_Q11206,CC_BY_4.0
ST3GAL4,Q11206,K55A,True,89.46,,0.4754,19.99,AlphaFold_Multimer_v6_simulated_Q11206,CC_BY_4.0
ST3GAL4,Q11206,R133A,True,89.46,,0.5083,13.01,AlphaFold_Multimer_v6_simulated_Q11206,CC_BY_4.0
ST3GAL4,Q11206,D236A,True,89.46,,0.4838,32.16,AlphaFold_Multimer_v6_simulated_Q11206,CC_BY_4.0
ST3GAL5,Q9UNA4,WT,False,,,,,no_PDB__monomer_pLDDT_only_HM31,CC_BY_4.0
ST3GAL5,Q9UNA4,K55A,False,,,,,no_PDB__monomer_pLDDT_only_HM31,CC_BY_4.0
ST3GAL5,Q9UNA4,R133A,False,,,,,no_PDB__monomer_pLDDT_only_HM31,CC_BY_4.0
ST3GAL5,Q9UNA4,D236A,False,,,,,no_PDB__monomer_pLDDT_only_HM31,CC_BY_4.0
ST3GAL6,Q9Y274,WT,False,,,,,no_PDB__monomer_pLDDT_only_HM31,CC_BY_4.0
ST3GAL6,Q9Y274,K55A,False,,,,,no_PDB__monomer_pLDDT_only_HM31,CC_BY_4.0
ST3GAL6,Q9Y274,R133A,False,,,,,no_PDB__monomer_pLDDT_only_HM31,CC_BY_4.0
ST3GAL6,Q9Y274,D236A,False,,,,,no_PDB__monomer_pLDDT_only_HM31,CC_BY_4.0
ST6GAL1,P15907,WT,True,88.69,0.7603,,0.0,AlphaFold_Multimer_v6_simulated_P15907,CC_BY_4.0
ST6GAL1,P15907,K55A,True,88.69,,0.4657,11.32,AlphaFold_Multimer_v6_simulated_P15907,CC_BY_4.0
ST6GAL1,P15907,R133A,True,88.69,,0.5116,20.01,AlphaFold_Multimer_v6_simulated_P15907,CC_BY_4.0
ST6GAL1,P15907,D236A,True,88.69,,0.4817,17.28,AlphaFold_Multimer_v6_simulated_P15907,CC_BY_4.0
ST6GALNAC1,n/a,WT,True,89.56,0.7508,,0.0,AlphaFold_Multimer_v6_simulated_n/a,CC_BY_4.0
ST6GALNAC1,n/a,K55A,True,89.56,,0.5225,24.77,AlphaFold_Multimer_v6_simulated_n/a,CC_BY_4.0
ST6GALNAC1,n/a,R133A,True,89.56,,0.5086,21.74,AlphaFold_Multimer_v6_simulated_n/a,CC_BY_4.0
ST6GALNAC1,n/a,D236A,True,89.56,,0.5117,44.9,AlphaFold_Multimer_v6_simulated_n/a,CC_BY_4.0
STAT1,P42224,WT,True,87.78,0.7487,,0.0,AlphaFold_Multimer_v6_simulated_P42224,CC_BY_4.0
STAT1,P42224,K55A,True,87.78,,0.4702,22.62,AlphaFold_Multimer_v6_simulated_P42224,CC_BY_4.0
STAT1,P42224,R133A,True,87.78,,0.4657,26.52,AlphaFold_Multimer_v6_simulated_P42224,CC_BY_4.0
STAT1,P42224,D236A,True,87.78,,0.4788,14.77,AlphaFold_Multimer_v6_simulated_P42224,CC_BY_4.0
TP53,P04637,WT,False,,,,,no_PDB__monomer_pLDDT_only_HM31,CC_BY_4.0
TP53,P04637,K55A,False,,,,,no_PDB__monomer_pLDDT_only_HM31,CC_BY_4.0
TP53,P04637,R133A,False,,,,,no_PDB__monomer_pLDDT_only_HM31,CC_BY_4.0
TP53,P04637,D236A,False,,,,,no_PDB__monomer_pLDDT_only_HM31,CC_BY_4.0
VIM,P08670,WT,False,,,,,no_PDB__monomer_pLDDT_only_HM31,CC_BY_4.0
VIM,P08670,K55A,False,,,,,no_PDB__monomer_pLDDT_only_HM31,CC_BY_4.0
VIM,P08670,R133A,False,,,,,no_PDB__monomer_pLDDT_only_HM31,CC_BY_4.0
VIM,P08670,D236A,False,,,,,no_PDB__monomer_pLDDT_only_HM31,CC_BY_4.0
